,cnr,gcnr
Model-1,0.18615,0.21579
Model-2,0.08061,0.18907
Model-3,0.14499,0.18866
