,cnr,gcnr
Model-1,0.17583,0.18513
Model-2,0.139,0.19299
Model-3,0.16304,0.14171
