,cnr,gcnr
Model-1,0.07398,0.13322
Model-2,0.62535,0.35268
Model-3,0.11356,0.12023
